UniqueID,CompanyName,TradeName,Address1,Address2,PostCode,City,CityCode,Locality,LocalityCode,Province,ProvinceCode,Region,RegionCode,Country,CountryCode,Language,PhoneOrMobile,Phone,Fax,Mobile,Email,Website,NationalID,NationalIdentificationTypeCode,NationalIdentificationTypeCodeDescription,NationalIDIsVat,InternationalCode,InternationalLabel,PrimaryLocalActivityCode,LocalActivityTypeCode,MarketabilityIndicator,YearStarted,NumberOfFamilyMembers,CEOName,CEOTitle,CEOFirstName,CEOLastName,CEOGender,CEOLanguage,EmployeesHere,EmployeesHereReliabilityCode,EmployeesHereReliabilityCodeDescription,EmployeesTotal,EmployeesTotalReliabilityCode,EmployeesTotalReliabilityCodeDescription,ImportExportAgentCode,ImportExportAgentCodeDescription,LegalStatusCode,LegalStatusCodeDescription,StatusCode,StatusCodeDescription,SalesVolumeLocal,CurrencyCode,SalesVolumeDollars,SalesVolumeEuros,SalesVolumeReliabilityCode,SalesVolumeReliabilityCodeDescription
612215802,AD-KA TURIZM INSAAT TAAHHUT EMLAK KOMISYON ISLERI SANAYI VE TICARET LIMITED SIRKETI,,ISLAM MAH. PTT SOKAK NO 2,BERGAMA,35700.0,İzmir,TR35685,,,İzmir,TR35,,,Turkey,TR,TUR,0232 673 2850,0232 673 2850,,,,,550.0,102.0,Local Government Registration Number,False,4725,Tour operators,,,,,,Adnan Kaya,Manager,ADNAN,KAYA,Male,,5,3,Modeled,5,3,Modeled,G,None or Not Available,3.0,Corporation,0,SingleLocation,42668377,TRY,1031380,863853,3,Modeled
468031810,ULUSAL TURIZM OTELCILIK VE INSAAT SANAYI TICARET LIMITED SIRKETI,,NO.8/1 ZAFER MAH.KONUK SOK.,YENIBOSNA,,Bahçelievler,TR34005,,,İstanbul,TR34,,,Turkey,TR,TUR,0212 552 6475,0212 552 6475,,,,,327743.0,102.0,Local Government Registration Number,False,1411,Dimension stone,,,,1995.0,,Pehlivan Kir,Manager,PEHLIVAN,KIR,,,5,3,Modeled,5,3,Modeled,G,None or Not Available,3.0,Corporation,0,SingleLocation,11392419,TRY,365765,306353,3,Modeled
476891374,NASIP KIMYA IMALAT ITHALAT IHRACAT NAKLIYAT SANAYI TICARET LIMITED SIRKETI MERSIN SUBESI,,CUMHURIYET MH. /KAZANLI 940 SK. AKDENIZ NO:3/B 527/529 KAZANLI,,,Mersin,TR33913,,,Mersin,TR33,,,Turkey,TR,TUR,,,,,,,33216.0,102.0,Local Government Registration Number,False,2819,"Industrial inorganic chemicals, nec",,,,,,Mustafa Dinc,Branch Manager,Mustafa,Dinc,Male,,2,3,Modeled,2,3,Modeled,G,None or Not Available,3.0,Corporation,0,SingleLocation,27824508,TRY,672574,563328,3,Modeled
862300257,GENERAL BIRLIK INSAAT SANAYI VE TICARET LIMITED SIRKETI,,NO:86A ISTIKLAL MAHALLESI MUSTAFA KEMAL ATATURK CADDESI,ODUNPAZARI,26010.0,Eskişehir,TR26410,,,Eskişehir,TR26,,,Turkey,TR,TUR,,,,,,,56864.0,102.0,Local Government Registration Number,False,1522,"Residential construction, nec",,,M,2025.0,,Hakan Duman,Manager,Hakan,Duman,Male,,3,3,Modeled,3,3,Modeled,G,None or Not Available,3.0,Corporation,0,SingleLocation,7789147,TRY,242001,202692,3,Modeled
476686075,BULDEM GIDA INSAAT TEKSTIL MEDYA SANAYI LIMITED SIRKETI,,KARTALTEPE MAH.KARADENIZ SOK.,"NO.47, SEFAKOY",34295.0,Kartaltepe,TR34018,,,İstanbul,TR34,,,Turkey,TR,TUR,0212 624 5974,0212 624 5974,,,info@hctekstil.com,http://www.hctekstil.com,677073.0,102.0,Local Government Registration Number,False,5141,"Groceries, general line",,,,2008.0,,Ilhan Aydin,Partner,ILHAN,AYDIN,,,2,3,Modeled,2,3,Modeled,G,None or Not Available,3.0,Corporation,0,SingleLocation,11637597,TRY,281304,235611,3,Modeled
706820991,ROYAP YAPI LIMITED SIRKETI,,"TANLAR SEHRI TERAS A BLOK,  NO:2 A/32 FIRAT MAHALLESI","533. SOKAK, KAYAPINAR",21070.0,Mevlana Halit,TR21816,,,Diyarbakır,TR21,,,Turkey,TR,TUR,,,,,,,34510.0,102.0,Local Government Registration Number,False,1522,"Residential construction, nec",,,,2019.0,,Mahmut Altin,Manager,Mahmut,Altin,Male,,3,3,Modeled,3,3,Modeled,G,None or Not Available,3.0,Corporation,0,SingleLocation,10011625,TRY,242001,202692,3,Modeled
706772613,MICOPET AKARYAKIT VE PETROL URUNLERI TICARET LIMITED SIRKETI,,"AC YAPI MOMENT ISTANBUL B BL,  NO:4 B256 SOGANLIK YENI MAHALLESI","BALTACI MEHMETPASA SOKAK, KARTAL",34880.0,Kordonboyu,TR34017,,,İstanbul,TR34,,,Turkey,TR,TUR,,,,,,,177737.0,102.0,Local Government Registration Number,False,5171,Petroleum bulk stations and terminals,,,,2019.0,,Ogulsah Akin,Manager,Ogulsah,Akin,,,1,3,Modeled,1,3,Modeled,G,None or Not Available,3.0,Corporation,0,SingleLocation,32212519,TRY,778641,652166,3,Modeled
707038885,BASAR TIBBI CIHAZLAR TICARET LIMITED SIRKETI,,"D:407,  NO:32B YALI MAHALLESI 6523 SOKAK",KARSIYAKA,35550.0,Bahariye,TR35665,,,İzmir,TR35,,,Turkey,TR,TUR,,,,,,,260478.0,102.0,Local Government Registration Number,False,5999,"Miscellaneous retail stores, nec",,,M,2024.0,,Adil Serhat Basar,Manager,Adil Serhat,Basar,,,2,3,Modeled,2,3,Modeled,G,None or Not Available,3.0,Corporation,0,SingleLocation,10476502,TRY,253238,212104,3,Modeled
616404788,SYMPRO BILISIM TEKNOLOJILERI TICARET LTD STI,,"BAGLARBASI MAHALLESI, K:4-401,  35 ATATURK CADDESI","SAKARYA SOKAK, MALTEPE",34844.0,İdealtepe,TR34019,,,İstanbul,TR34,,,Turkey,TR,TUR,0216 706 1009,0216 706 1009,0216 383 7841,,info@sympro.net,http://www.sympro.net,830885.0,102.0,Local Government Registration Number,False,7379,"Computer related services, nec",,,,2014.0,,Mehmet Alper Ozturk,Manager,Mehmet Alper,Ozturk,,,5,0,Actual,5,0,Actual,G,None or Not Available,3.0,Corporation,0,SingleLocation,1361885,TRY,664205,556318,0,Actual
707052175,ERTEKIN AYAKKABI SANAYI VE TICARET LIMITED SIRKETI,,"SANTO NAHUM,  NO:23 EGEMENLIK MAHALLESI 6111 SOKAK",BORNOVA,35070.0,Erzene,TR35675,,,İzmir,TR35,,,Turkey,TR,TUR,,,,,,,261366.0,102.0,Local Government Registration Number,False,3149,"Footwear, except rubber, nec",,,M,2024.0,,Murat Ertekin,Manager,Murat,Ertekin,Male,,4,3,Modeled,4,3,Modeled,G,None or Not Available,3.0,Corporation,0,SingleLocation,10449446,TRY,252584,211556,3,Modeled
476916668,ARSLAN GIDA TEKSTIL TUPGAZ TICARETI ORMAN URUNLERI DAYANIKLI TUKETIM MALLARI INSAAT MALZEM,,OVA MAH.2 SOK.NO:16/B,,,Adana,TR01922,,,Adana,TR01,,,Turkey,TR,TUR,0322 428 3629,0322 428 3629,,,,,41075.0,102.0,Local Government Registration Number,False,5141,"Groceries, general line",,,,,,,,,,,,2,3,Modeled,2,3,Modeled,G,None or Not Available,,,0,SingleLocation,8761727,TRY,281304,235611,3,Modeled
630996857,S.S. MALIHIDIRLI KOYU TARIMSAL KALKINMA KOOP,,"BELEDIYE SARAYI KARSISI NO:,  20-FIATMA MEYDAN MAH.",,,Kars,TR36278,,,Kars,TR36,,,Turkey,TR,TUR,,,,,,,189.0,102.0,Local Government Registration Number,False,8611,Business associations,,,,,,Lutfi Zenbilci,Chairman,LUTFI,ZENBILCI,,,1,3,Modeled,1,3,Modeled,G,None or Not Available,100.0,Cooperative,0,SingleLocation,5344903,TRY,129197,108211,3,Modeled
467247548,GUCLU TICARET LIMITED SIRKETI,,NO.23/A DUMLUPINAR MAH.GOZDAGI CAD.,PENDIK,,Çamçeşme,TR34020,,,İstanbul,TR34,,,Turkey,TR,TUR,0212 247 1379,0212 247 1379,,,,,333967.0,102.0,Local Government Registration Number,False,181,Ornamental nursery products,,,,1994.0,,Mustafa Isik,Partner,MUSTAFA,ISIK,Male,,3,3,Modeled,3,3,Modeled,G,None or Not Available,3.0,Corporation,0,SingleLocation,7073351,TRY,227097,190209,3,Modeled
465965350,MAYA ULUSLARARASI NAKLIYAT VE DIS TICARET TURIZM LIMITED SIRKETI,,KEMANKES MAH.RIHTIM CAD. KOZLUCA ISHANI K.3,BEYOGLU,34425.0,Taksim,TR34009,,,İstanbul,TR34,,,Turkey,TR,TUR,0212 243 6209,0212 243 6209,,,,http://www.mavi-intl.com/,354931.0,102.0,Local Government Registration Number,False,4449,Water transportation of freight,,,,1996.0,,Safak Erman,Partner,SAFAK,ERMAN,Male,,2,3,Modeled,2,3,Modeled,G,None or Not Available,3.0,Corporation,0,SingleLocation,10411964,TRY,251678,210798,3,Modeled
467418925,SAHIN OTOMOTIV MONTAJ MAKINA YEDEKPARCA TASIMACILIK BRANDA URETIM SANAYI VE TICARET LIMITE,,NO.57 GUNGOREN CEVRE KUCUK SANAYI SITESI 8.BLOK,KUCUKCEKMECE,34290.0,Yenidoğan,TR34006,,,İstanbul,TR34,,,Turkey,TR,TUR,0216 410 6218,0216 410 6218,,,,,379348.0,102.0,Local Government Registration Number,False,3714,Motor vehicle parts and accessories,,,,1997.0,,Sahin Ilgin,Partner,SAHIN,ILGIN,,,4,3,Modeled,4,3,Modeled,G,None or Not Available,3.0,Corporation,0,SingleLocation,21306796,TRY,684076,572961,3,Modeled
706955862,S VE S KIMYA SANAYI VE TICARET LIMITED SIRKETI,,"ARAYLAR SANAYI SITESI B BLOK,  NO:9B-23 TEPEOREN MAHALLESI","OZVATAN CADDESI, TUZLA",34959.0,Evliya Çelebi,TR34023,,,İstanbul,TR34,,,Turkey,TR,TUR,,,,,,,245840.0,102.0,Local Government Registration Number,False,2819,"Industrial inorganic chemicals, nec",,,,2020.0,,Semih Ramazan Karaosmanoglu,Manager,Semih Ramazan,Karaosmanoglu,,,2,3,Modeled,2,3,Modeled,G,None or Not Available,3.0,Corporation,0,SingleLocation,27824508,TRY,672574,563328,3,Modeled
706734929,KASA TEKSTIL SANAYI VE TICARET LIMITED SIRKETI,,NO:34A YUKARI DUDULLU MAHALLESI,"YUCE SOKAK, UMRANIYE",34775.0,Atatürk,TR34024,,,İstanbul,TR34,,,Turkey,TR,TUR,,,,,,,162674.0,102.0,Local Government Registration Number,False,2399,"Fabricated textile products, nec",,,,2018.0,,Saban Bilgin,Manager,Saban,Bilgin,Male,,3,3,Modeled,3,3,Modeled,G,None or Not Available,3.0,Corporation,0,SingleLocation,9073225,TRY,219318,183694,3,Modeled
476753028,ATAK MEDIKAL URUNLERI OTOMOTIV SANAYI VE TICARET LIMITED SIRKETI,,MAHMUT YESARI SOK.NO.91 KAT.1,KOSUYOLU,34718.0,Caferağa,TR34015,,,İstanbul,TR34,,,Turkey,TR,TUR,0216 550 0344,0216 550 0344,,,,,640431.0,102.0,Local Government Registration Number,False,5047,Medical and hospital equipment,,,,2007.0,,Hasan Ustoglu,,HASAN,USTOGLU,Male,,3,3,Modeled,3,3,Modeled,G,None or Not Available,3.0,Corporation,0,SingleLocation,23096244,TRY,741528,621081,3,Modeled
466719561,VERA MIMARLIK MUHENDISLIK MUSAVIRLIK SANAYI VE TICARET LTD STI,,RASIMPASA MAH.RECAIZADE SOK. NO.21/4,KADIKOY,34716.0,Caferağa,TR34015,,,İstanbul,TR34,,,Turkey,TR,TUR,0216 550 8128,0216 550 8128,0216 414 0173,,,,578626.0,102.0,Local Government Registration Number,False,1521,Single-family housing construction,,,,2006.0,,Hayrettin Ozcan,Manager,HAYRETTIN,OZCAN,,,1,3,Modeled,1,3,Modeled,G,None or Not Available,3.0,Corporation,0,SingleLocation,3848689,TRY,123566,103495,3,Modeled
631169519,EPIK AKYAKA TURIZM TICARET LIMITED SIRKETI,,NO:75 AKYAKA MAHALLESI,"INISDIBI CADDESI, ULA",48640.0,Örnekköy,TR48907,,,Muğla,TR48,,,Turkey,TR,TUR,,,,,,,7679.0,102.0,Local Government Registration Number,False,4725,Tour operators,,,,2018.0,,Colpan Epik,Manager,Colpan,Epik,,,5,3,Modeled,5,3,Modeled,G,None or Not Available,3.0,Corporation,0,SingleLocation,42668377,TRY,1031380,863853,3,Modeled
706990575,LOKAS MOBILYA DAYANIKLI TUKETIM MALLARI TEKSTIL SANAYI VE TICARET LIMITED SIRKETI,,"SENBAYRAK PLAZA,  NO:25-4C YUZUNCUYIL MAHALLESI DR.SADIK AHMET B",CUKUROVA,1360.0,Kurttepe,TR01706,,,Adana,TR01,,,Turkey,TR,TUR,,,,,,,96401.0,102.0,Local Government Registration Number,False,2511,Wood household furniture,,,M,2024.0,,Harun Resit Lokce,Manager,Harun Resit,Lokce,,,3,3,Modeled,3,3,Modeled,G,None or Not Available,3.0,Corporation,0,SingleLocation,10988499,TRY,265614,222470,3,Modeled
616408593,IBC GULER DIS TICARET LIMITED SIRKETI,,"BUSRA APARTMANI KAT:4,  NO:56 ODABASI BELDESI KAVALI MAHALLESI","ATATURK CADDESI, ANTAKYA",31030.0,Hatay,TR31962,,,Hatay,TR31,,,Turkey,TR,TUR,0326 221 4455,0326 221 4455,,,,,12704.0,102.0,Local Government Registration Number,False,5099,"Durable goods, nec",,,,2012.0,,Ahmet Bunyamin Yavuz,Manager,Ahmet Bunyamin,Yavuz,,,8,0,Actual,8,0,Actual,G,None or Not Available,3.0,Corporation,0,SingleLocation,36028495,TRY,6313309,5287840,0,Actual
792530628,BIRLESIK AKRILIK SANAYI TIC.LTD.STI.,,YAHYA KEMAL MAH. MITHAT PASA CAD. NO:33 KAGITHANE,KAGITHANE,80640.0,İslambey,TR34033,,,İstanbul,TR34,,,Turkey,TR,TUR,0212 321 3200,0212 321 3200,0212 294 5788,,,http://www.birlesikakrilik.com,,,,,3999,"Manufacturing industries, nec",,,,1985.0,,Erman Polat,Manager,ERMAN,POLAT,Male,,2,3,Modeled,2,3,Modeled,G,None or Not Available,,,0,SingleLocation,7114745,TRY,221048,185143,3,Modeled
862300658,TUUNDESIGN OFIS MOBILYALARI SANAYI TICARET LIMITED SIRKETI,,NO:79B YAKUPLU MAHALLESI MARESAL FEVZI CAKMAK CADDESI,BEYLIKDUZU,34524.0,Yakuplu,TR34036,,,İstanbul,TR34,,,Turkey,TR,TUR,,,,,,,1079268.0,102.0,Local Government Registration Number,False,2511,Wood household furniture,,,M,2025.0,,Yahya Tuncer,Manager,Yahya,Tuncer,Male,,3,3,Modeled,3,3,Modeled,G,None or Not Available,3.0,Corporation,0,SingleLocation,8549165,TRY,265614,222470,3,Modeled
614100665,ERBA OTELCILIK LOKANTACILIK VE TURIZM TICARET LIMITED SIRKETI,,"ALI FAIK HAN,  NO:2B BINBIRDIREK MAHALLESI","ISILTI SOKAK, FATIH",,Kordonboyu,TR34017,,,İstanbul,TR34,,,Turkey,TR,TUR,,,,,,,729883.0,102.0,Local Government Registration Number,False,5812,Eating places,,,,2010.0,,Giyasedin Bingol,Manager,GIYASEDIN,BINGOL,,,3,3,Modeled,3,3,Modeled,G,None or Not Available,3.0,Corporation,0,SingleLocation,9647733,TRY,233205,195325,3,Modeled
862237266,BRANCHSIGHT BILGI TEKNOLOJILERI ANONIM SIRKETI,,"D:1,  NO: 5 ESENTEPE MAHALLESI","TALAT PAsA CADDESI, SISLI",34394.0,İdealtepe,TR34019,,,İstanbul,TR34,,,Turkey,TR,TUR,0555 794 2004,,,0555 794 2004,,,415992.0,102.0,Local Government Registration Number,False,5999,"Miscellaneous retail stores, nec",,,,2022.0,,,,,,,,2,3,Modeled,2,3,Modeled,G,None or Not Available,3.0,Corporation,0,SingleLocation,10476502,TRY,253238,212104,3,Modeled
630960174,TUNAZADE INSAAT GAYRIMENKUL MUHENDISLIK MUSAVIRLIK VE TICARET LIMITED SIRKETI,,NO:18B AKSEMSETTIN MAHALLESI,"CAGLAYAN CADDESI, SINCAN",6934.0,Tandoğan,TR06988,,,Ankara,TR06,,,Turkey,TR,TUR,,,,,,,417024.0,102.0,Local Government Registration Number,False,1522,"Residential construction, nec",,,,2018.0,,Yahya Tuna,Manager,Yahya,Tuna,Male,,3,3,Modeled,3,3,Modeled,G,None or Not Available,3.0,Corporation,0,SingleLocation,10011625,TRY,242001,202692,3,Modeled
476913112,POLO GIYIM SANAYI VE TICARET ANONIM SIRKETI,POLO GIYIM SANAYI VE TICARET A S - ADANA SUBESI,M1 TEPE ADANA ALISVERIS MERKEZI ZENCIRLIBAGLAR MAH.NO:50-51-52,"NULL, NULL",,Adana,TR01922,,,Adana,TR01,,,Turkey,TR,TUR,0322 271 0194,0322 271 0194,,,,,39451.0,102.0,Local Government Registration Number,False,2329,"Men's and boy's clothing, nec",,,,,22.0,,,,,,,0,2,Estimated,0,2,Estimated,G,None or Not Available,,,2,Branch,0,,0,0,2,Estimated
862333558,HASIRCI BROTHERS KAFE ISLETMECILIGI VE TICARET LIMITED SIRKETI,,"ALI ATAKAN APARTMANI,  NO:160A CEKMECE MAHALLESI CEKMECE CADDESI",DEFNE,31160.0,Armutlu,TR31927,,,Hatay,TR31,,,Turkey,TR,TUR,,,,,,,24781.0,102.0,Local Government Registration Number,False,5812,Eating places,,,M,2025.0,,Serdal Hasirci,Manager,Serdal,Hasirci,Male,,3,3,Modeled,3,3,Modeled,G,None or Not Available,3.0,Corporation,0,SingleLocation,9269248,TRY,233205,195325,3,Modeled
616408570,GRATIS IC VE DIS TICARET ANONIM SIRKETI,GRATIS IC VE DIS TICARET ANONIM SIRKETI- ADANA ZIYAPASA SUBESI,"GUL AP. B BLOK NO:24 ZEMIN VE,  BODRUM CEMALPASA MAH. 63001 SOK.",SEYHAN,1120.0,Adana,TR01922,,,Adana,TR01,,,Turkey,TR,TUR,,,,,,,65045.0,102.0,Local Government Registration Number,False,5411,Grocery stores,,,,,33.0,Demir Sabanci,Chairman,DEMIR,SABANCI,,,0,2,Estimated,0,2,Estimated,G,None or Not Available,,,2,Branch,0,,0,0,2,Estimated
862276390,TA TEKSTIL DIS TICARET ANONIM SIRKETI,,NO:13 LEVENT MAHALLESI,"KARANFIL SOKAK, BESIKTAS",34330.0,Yıldız,TR34007,,,İstanbul,TR34,,,Turkey,TR,TUR,,,,,,,1074331.0,102.0,Local Government Registration Number,False,5611,Men's and boys' clothing stores,,,M,2025.0,,Tijen Esencan,Chairman,Tijen,Esencan,Female,,2,3,Modeled,2,3,Modeled,G,None or Not Available,3.0,Corporation,0,SingleLocation,8339920,TRY,228764,191605,3,Modeled
706831996,MEDICORUM ILAC KOZMETIK SANAYI VE TICARET LIMITED SIRKETI,,"KIZIL ISIK APT.,  NO:34-4 SIYAVUSPASA MAHALLESI","CAM SOKAK, BAHCELIEVLER",34180.0,Bahçelievler,TR34005,,,İstanbul,TR34,,,Turkey,TR,TUR,,,,,,,200294.0,102.0,Local Government Registration Number,False,2844,"Perfumes, cosmetics and other toilet preparations",,,,2019.0,,Senanur Tarhan,Manager,Senanur,Tarhan,,,2,3,Modeled,2,3,Modeled,G,None or Not Available,3.0,Corporation,0,SingleLocation,13746980,TRY,332292,278317,3,Modeled
613865625,MURAT GUR,,OSMANLI C N:24/6 BALGAT,CANKAYA,6520.0,Ankara,TR06986,,,Ankara,TR06,,,Turkey,TR,TUR,0312 331 0032,0312 331 0032,,,,,194447.0,102.0,Local Government Registration Number,False,5999,"Miscellaneous retail stores, nec",,,,2004.0,,Murat Gur,Manager,MURAT,GUR,Male,,2,3,Modeled,2,3,Modeled,G,None or Not Available,100.0,Cooperative,0,SingleLocation,10476502,TRY,253238,212104,3,Modeled
613773598,FERPET INSAAT PETROL NAKLIYAT SANAYI VE TICARET ANONIM SIRKETI,,NO:17D/1 OSMAN GAZI MAHALLESI,"385 SOKAK, HALILIYE",63050.0,Şanlıurfa,TR63262,,,Şanlıurfa,TR63,,,Turkey,TR,TUR,0532 205 8041,,0312 491 5913,0532 205 8041,,,19041.0,102.0,Local Government Registration Number,False,5541,Gasoline service stations,,,,2016.0,,Cuma Culcu,Chairman,Cuma,Culcu,Male,,3,3,Modeled,3,3,Modeled,G,None or Not Available,3.0,Corporation,0,SingleLocation,45429174,TRY,1098114,919747,3,Modeled
862339164,CIRRUS YAPI TURIZM GIDA SANAYI TICARET LIMITED SIRKETI,,NO:1A VALI RAHMI BEY MAHALLESI 158/1 SOKAK,BUCA,35380.0,Yenigün,TR35692,,,İzmir,TR35,,,Turkey,TR,TUR,,,,,,,266688.0,102.0,Local Government Registration Number,False,1522,"Residential construction, nec",,,M,2025.0,,Gulcan Erdal,Manager,Gulcan,Erdal,Female,,3,3,Modeled,3,3,Modeled,G,None or Not Available,3.0,Corporation,0,SingleLocation,9618864,TRY,242001,202692,3,Modeled
476723026,OZMAYA YAPI MUHENDISLIK SANAYI VE DIS TICARET LIMITED SIRKETI,,YILDIRIM MAH.AVAZKOY YOLU,"NO.16/A, BAYRAMPASA",34045.0,Yenidoğan,TR34006,,,İstanbul,TR34,,,Turkey,TR,TUR,0212 417 6978,0212 417 6978,,,,,695708.0,102.0,Local Government Registration Number,False,1522,"Residential construction, nec",,,,2009.0,,Tayfun Kurtay,Partner,TAYFUN,KURTAY,Male,,3,3,Modeled,3,3,Modeled,G,None or Not Available,3.0,Corporation,0,SingleLocation,7537563,TRY,242001,202692,3,Modeled
615028834,ECON DIS TICARET LIMITED SIRKETI,,GAZIANTEP YOLU UZERI 6KM DSI KARSISI,MERKEZ,,Kahramanmaraş,TR46261,,,Kahramanmaraş,TR46,,,Turkey,TR,TUR,0344 236 6798,0344 236 6798,0344 236 6799,,,,10557.0,102.0,Local Government Registration Number,False,5199,"Nondurable goods, nec",,,,2010.0,,,,,,,,2,3,Modeled,2,3,Modeled,G,None or Not Available,3.0,Corporation,0,SingleLocation,13702217,TRY,331210,277411,3,Modeled
615049828,OSEM GIDA TARIM URUNLERI AMBALAJ PAZARLAMA ITHALAT-IHRACAT SANAYI TICARET LIMITED SIRKETI,,ONDER YAMANEL ZEYTIN BORSASI 2. BLOK NO:17,AKHISAR,,Manisa,TR45262,,,Manisa,TR45,,,Turkey,TR,TUR,0236 413 9399,0236 413 9399,,,,,8195.0,102.0,Local Government Registration Number,False,2033,Canned fruits and specialties,,,,,,,,,,,,2,3,Modeled,2,3,Modeled,G,None or Not Available,3.0,Corporation,0,SingleLocation,15948453,TRY,385506,322888,3,Modeled
792539449,ERDENER ATIK,,IKITELLI ORG.SAN.SIT,IKITELLI,34490.0,İstanbul,TR34012,,,İstanbul,TR34,,,Turkey,TR,TUR,0533 669 7255,,,0533 669 7255,,,,,,,5499,Miscellaneous food stores,,,,2004.0,,Erdener Atik,Manager,ERDENER,ATIK,Male,,3,0,Actual,3,0,Actual,G,None or Not Available,,,0,SingleLocation,10874852,TRY,349148,292436,3,Modeled
631005039,CSM-2B MUHENDISLIK ILETISIM INSAAT TAAHHUT TICARET LIMITED SIRKETI,,"ALI SEPICI BL. NO:23 ADAKOGLU,  AP. B TOROS MAH.",CUKUROVA,1170.0,Adana,TR01922,,,Adana,TR01,,,Turkey,TR,TUR,,,,,,,65665.0,102.0,Local Government Registration Number,False,8711,Engineering services,,,,2012.0,,Sevgi Gur,Manager,SEVGI,GUR,,,2,3,Modeled,2,3,Modeled,G,None or Not Available,3.0,Corporation,0,SingleLocation,8403028,TRY,203118,170125,3,Modeled
631197493,FLENDER MEKANIK GUC AKTARMA SISTEMLERI SANAYI VE TICARET ANONIM SIRKETI,,"ISTANBUL MARMARA  B D:110,  NO:72 SOGANLIK YENI MAHALLESI","SOGANLIK D-100 KUZEY YANYOL CADDESI, KARTAL",34880.0,Kordonboyu,TR34017,,,İstanbul,TR34,,,Turkey,TR,TUR,0216 364 3413,0216 364 3413,,,,,142687.0,102.0,Local Government Registration Number,False,3621,Motors and generators,,,M,2018.0,137.0,Fikret Sokullu,Chairman,Fikret,Sokullu,Male,,30,0,Actual,30,0,Actual,B,Imports & Exports,3.0,Corporation,0,SingleLocation,66600814,TRY,1587830,1329919,3,Modeled
615732184,ENDER NAKLIYE TAAHHUT HAYVANCILIK TARIM PLASTIK HAMMADDE SANAYI VE TICARET LIMITED SIRKETI,,NO:2172 SULEYMANIYE MAHALLESI,"K KARABEKIR CADDESI, ISKENDERUN",31200.0,Çay,TR31952,,,Hatay,TR31,,,Turkey,TR,TUR,,,,,,,15190.0,102.0,Local Government Registration Number,False,4731,Freight transportation arrangement,,,,2017.0,,Umit Onayli,Manager,Umit,Onayli,Male,,2,3,Modeled,2,3,Modeled,G,None or Not Available,3.0,Corporation,0,SingleLocation,15409482,TRY,372478,311976,3,Modeled
630871248,ROTA ASANS DAN INS MAK HAYCILIK OTO REKCILIK MADEN TEKSSAN VE TIC LTD STI ESKISEHIR IMISEH,,NO.19 IMISEHIR MAH. 110.SOK.,ODUNPAZARI,26100.0,Yeni,TR26455,,,Eskişehir,TR26,,,Turkey,TR,TUR,,,,,,,39533.0,102.0,Local Government Registration Number,False,8748,"Business consulting, nec",,,,2015.0,,Ozlem Karatas,Manager,Ozlem,Karatas,Female,,2,3,Modeled,2,3,Modeled,G,None or Not Available,3.0,Corporation,0,SingleLocation,5325914,TRY,128738,107827,3,Modeled
615604139,METROPARK GAYRIMENKUL YATIRIM DANISMANLIGI SANAYI VE TICARET LIMITED SIRKETI,,"UNLU ISHANI K:2/101,  ANKARA CADDESI",MERKEZ,68000.0,Hacıismailli,TR68588,,,Aksaray,TR68,,,Turkey,TR,TUR,0382 213 6611,0382 213 6611,,0542 500 0635,,https://www.hayatgayrimenkul.com/,7711.0,102.0,Local Government Registration Number,False,6531,Real estate agents and managers,,,,2017.0,,Mevlut Bilgic,Manager,Mevlut,Bilgic,Male,,1,3,Modeled,1,3,Modeled,G,None or Not Available,3.0,Corporation,0,SingleLocation,3446591,TRY,83311,69778,3,Modeled
615637134,KARTUR LOJISTIK VE TASIMACILIK TICARET LIMITED SIRKETI,,57/3 KOC CAD.YENI SAHRA MAH.,ATASEHIR,34746.0,İstanbul,TR34012,,,İstanbul,TR34,,,Turkey,TR,TUR,,,,,,,801536.0,102.0,Local Government Registration Number,False,4789,"Transportation services, nec",,,,2011.0,,Abdulkadir Haliloglu,Manager,ABDULKADIR,HALILOGLU,,,3,3,Modeled,3,3,Modeled,G,None or Not Available,3.0,Corporation,0,SingleLocation,21193240,TRY,512283,429073,3,Modeled
467506946,ASLAN GEMI VE MAKINA SANAYI TICARET LIMITED SIRKETI,,NO:24 EVLIYA CELEBI MAHALLESI,"GULDERE SOKAK, TUZLA",34944.0,Evliya Çelebi,TR34023,,,İstanbul,TR34,,,Turkey,TR,TUR,0216 446 8227,0216 446 8227,0216 446 5886,,,,379144.0,102.0,Local Government Registration Number,False,7699,"Repair services, nec",,,,2004.0,,Salih Aslan,Manager,Salih,Aslan,Male,,2,3,Modeled,2,3,Modeled,G,None or Not Available,3.0,Corporation,0,SingleLocation,7774533,TRY,187926,157401,3,Modeled
631134645,IMPARATOR PARK KAUCUK GERI DONUSUM SANAYI VE TICARET LIMITED SIRKETI,,NO:335A KARAHAN MAHALLESI KOYICI SOKAK,CUKUROVA,1170.0,Adana,TR01922,,,Adana,TR01,,,Turkey,TR,TUR,,,,,,,100798.0,102.0,Local Government Registration Number,False,4953,Refuse systems,,,M,2025.0,,Muslum Cetin,Manager,Muslum,Cetin,Male,,2,3,Modeled,2,3,Modeled,G,None or Not Available,3.0,Corporation,0,SingleLocation,10823204,TRY,258036,216123,3,Modeled
465861070,PIKARE YAZILIM VE INTERNET HIZMETLERI SANAYI TICARET LIMITED SIRKETI,,NO:55 YAVUZ SULTAN SELIM MAHALLESI,"ABDULEZELPASA SOKAK, FATIH",34083.0,İstanbul,TR34012,,,İstanbul,TR34,,,Turkey,TR,TUR,0212 635 0077,0212 635 0077,,,bilgi@pikare.net,http://www.pikare.com.tr,482256.0,102.0,Local Government Registration Number,False,3571,Electronic computers,,,,2002.0,,,,,,,,3,3,Modeled,3,3,Modeled,G,None or Not Available,3.0,Corporation,0,SingleLocation,9365754,TRY,226389,189616,3,Modeled
612302543,NIGDELI INSAAT MALZEMELERI PAZ LTD STI,,AKDENIZ SANAYI SIT.5024 SK N:58 KEPEZ,MERKEZ,,Antalya,TR07995,,,Antalya,TR07,,,Turkey,TR,TUR,0242 221 1621,0242 221 1621,,,,,35901.0,102.0,Local Government Registration Number,False,5039,"Construction materials, nec",,,,2002.0,,Servet Unlu,Manager Director,SERVET,UNLU,Male,,4,3,Modeled,4,3,Modeled,G,None or Not Available,3.0,Corporation,0,SingleLocation,40216118,TRY,972104,814205,3,Modeled
706863582,YOUGOV TURKEY VERI VE ANALIZ LIMITED SIRKETI,,"LEVENT 199,  NO:199/6 ESENTEPE MAHALLESI","BUYUKDERE CADDESI, SISLI",34394.0,Meşrutiyet,TR34022,,,İstanbul,TR34,,,Turkey,TR,TUR,0212 807 0411,0212 807 0411,,,,,212440.0,102.0,Local Government Registration Number,False,8732,Commercial nonphysical research,,,,2019.0,59.0,Alexander George Meintosh,Manager,Alexander George,Meintosh,,,2,3,Modeled,2,3,Modeled,G,None or Not Available,3.0,Corporation,0,SingleLocation,6588086,TRY,155268,130047,3,Modeled
615114125,CICEK YEMEK SAN GIDA HAYVANCILIK MOBILYA OTOMOTIV INSAAT ORMAN URUNLERI TIC VE SAN LTD STI,,KARABAS MAH. LEYLA ATAKAN CAD. HAFIZ SELIM EFENDI SK N.13/B,IZMIT,41100.0,Kocaeli,TR41198,,,Kocaeli,TR41,,,Turkey,TR,TUR,,,,,,,19098.0,102.0,Local Government Registration Number,False,5999,"Miscellaneous retail stores, nec",,,,2008.0,,Mithat Eltutan,Manager,MITHAT,ELTUTAN,,,2,3,Modeled,2,3,Modeled,G,None or Not Available,3.0,Corporation,0,SingleLocation,10476502,TRY,253238,212104,3,Modeled
644275537,HAYRI CELIK NOA BILGISAYAR YAZILIM,,NO:41/1 SUGOZU MAHALLESI,"KEYKUBAT BULVARI, ALANYA",7400.0,Güller Pınarı,TR07945,,,Antalya,TR07,,,Turkey,TR,TUR,0242 511 1879,0242 511 1879,,0532 404 4200,info@noayazilim.com,https://www.noayazilim.com/,12055.0,102.0,Local Government Registration Number,False,5045,"Computers, peripherals, and software",,,,2006.0,,Hayri Celik,Proprietor,Hayri,Celik,Male,,3,0,Actual,3,0,Actual,G,None or Not Available,13.0,Proprietorship,0,SingleLocation,8490361,TRY,205229,171893,3,Modeled
613826546,MUSLU GIDA VE IHTIYAC MADDELERI INSAAT TURIZM TASIMACILIK SANAYI VE TICARET LTD STI,,NO:14/A MESNEVI SOKAK,CANKAYA,6400.0,Ankara,TR06986,,,Ankara,TR06,,,Turkey,TR,TUR,0312 440 7628,0312 440 7628,,,,,129936.0,102.0,Local Government Registration Number,False,1522,"Residential construction, nec",,,,1997.0,,Nezihi Muslu,Manager,Nezihi,Muslu,,,3,3,Modeled,3,3,Modeled,G,None or Not Available,3.0,Corporation,0,SingleLocation,10011625,TRY,242001,202692,3,Modeled
467875020,LIBRA DIS TICARET LTD STI,,"382, K:1 SUMER MAHALLESI","ZUBEYDE HANIM CADDESI, ZEYTINBURNU",34025.0,Beştelsiz,TR34026,,,İstanbul,TR34,,,Turkey,TR,TUR,0212 547 6331,0212 547 6331,0212 547 2772,,,,509798.0,102.0,Local Government Registration Number,False,5199,"Nondurable goods, nec",,,,2009.0,,Mehmet Sahinci,Manager,Mehmet,Sahinci,Male,,8,0,Actual,8,0,Actual,C,Imports,3.0,Corporation,0,SingleLocation,13702217,TRY,331210,277411,3,Modeled
707006923,MEFA GROUP TEKSTIL ELEKTRONIK E-TICARET PAZARLAMA TICARET LIMITED SIRKETI,,"D:39,  NO:9 29 EKIM MAHALLESI 7312 SOKAK",MENEMEN,35660.0,Maltepe,TR35624,,,İzmir,TR35,,,Turkey,TR,TUR,,,,,,,7406.0,102.0,Local Government Registration Number,False,5611,Men's and boys' clothing stores,,,M,2024.0,,Metehan Daglarguler,Manager,Metehan,Daglarguler,Male,,2,3,Modeled,2,3,Modeled,G,None or Not Available,3.0,Corporation,0,SingleLocation,9464008,TRY,228764,191605,3,Modeled
613792031,HOSVER GRUP SIGORTA ARACILIK HIZMETLERI LIMITED SIRKETI,,"KAT: 1,  29 KARADENIZ CADDESI",PAZAR,53300.0,Rize,TR53160,,,Rize,TR53,,,Turkey,TR,TUR,0464 612 6193,0464 612 6193,0464 612 3275,,,http://www.hosversigorta.com/,668.0,102.0,Local Government Registration Number,False,8999,"Services, nec",,,,2005.0,2.0,Dilara Hosver,Manager,Dilara,Hosver,Female,,0,2,Estimated,2,3,Modeled,G,None or Not Available,3.0,Corporation,1,HQ,6004964,TRY,145152,121575,3,Modeled
615054826,AK-GUL TEM.ILACL.TUR.INS.MEDIKAL GIDA YAKACAK MAD.SAN.VE TIC.LTD.STI,,2.ANAFARTALAR MH. CUMHURIYET CD. NO:50/B P 09,,,Manisa,TR45262,,,Manisa,TR45,,,Turkey,TR,TUR,0236 234 5526,0236 234 5526,,,,,10584.0,102.0,Local Government Registration Number,False,7349,"Building maintenance services, nec",,,,,,,,,,,,3,3,Modeled,3,3,Modeled,G,None or Not Available,3.0,Corporation,0,SingleLocation,5598627,TRY,135330,113348,3,Modeled
467110433,INNOVA KUYUMCULUK HEDIYELIK ESYA SANAYI VE TICARET ANONIM SIRKETI,,"NO:4-B001-1231-1232-2234-3251,  NO:4 MERKEZ MAHALLESI LADIN SOKA","B001 -1231-1232-2234-3251-4255-5253 YENIBOSNA, BAHCELIEVLER",34188.0,Bahçelievler,TR34005,,,İstanbul,TR34,,,Turkey,TR,TUR,0212 603 1212,0212 603 1212,0212 603 1219,,,http://www.innovajewellery.com,537758.0,102.0,Local Government Registration Number,False,3915,Jewelers' materials and lapidary work,,,,2004.0,,Can Ozkok,Chairman,Can,Ozkok,Male,,120,0,Actual,120,0,Actual,G,None or Not Available,3.0,Corporation,0,SingleLocation,44261119,TRY,2803898,2348461,2,Estimated
706825026,SAHIN ISIK TURIZM VE TICARET LIMITED SIRKETI,,NO:3-1 YENICEKOY MAHALLESI,"AKINCILAR CADDESI, INEGOL",16400.0,Yıldırım,TR16982,,,Bursa,TR16,,,Turkey,TR,TUR,,,,,,,11500.0,102.0,Local Government Registration Number,False,5063,Electrical apparatus and equipment,,,,2019.0,,Sahin Isik,Manager,Sahin,Isik,Male,,2,3,Modeled,2,3,Modeled,G,None or Not Available,3.0,Corporation,0,SingleLocation,25630647,TRY,619544,518911,3,Modeled
616401752,ERPA ENERJI URETIM SANAYI VE TICARET ANONIM SIRKETI,,"KULA PLAZA K:35 N:2/60-C,  FERITPASA MAH.KULA CAD",SELCUKLU,42060.0,Nişantaş,TR42728,,,Konya,TR42,,,Turkey,TR,TUR,,,,,,,41506.0,102.0,Local Government Registration Number,False,4939,"Combination utilities, nec",,,,2012.0,40.0,Ali Korpe,Chairman,ALI,KORPE,,,1,3,Modeled,1,3,Modeled,G,None or Not Available,3.0,Corporation,0,SingleLocation,9108679,TRY,220175,184412,3,Modeled
644271314,CEMBEROGLU DAYANIKLI TUKETIM MALLARI MOBILYA SANAYI TICARET LIMITED SIRKETI,,"ADNAN MENDERES BULVARI,  NO:63A YEDITEPE MAHALLESI",SAHINBEY,,Şahinbey,TR27994,,,Gaziantep,TR27,,,Turkey,TR,TUR,,,,,,,63377.0,102.0,Local Government Registration Number,False,9999,Nonclassifiable establishments,,,,2021.0,,,,,,,,0,2,Estimated,0,2,Estimated,G,None or Not Available,3.0,Corporation,0,SingleLocation,0,,0,0,2,Estimated
466731192,FEYZAN KUYUMCULUK TURIZM INSAAT GIDA SANAYI VE TICARET LTD STI,,MISIR CARSISI ICI NO.5,EMINONU,,İstanbul,TR34012,,,İstanbul,TR34,,,Turkey,TR,TUR,0212 519 3641,0212 519 3641,,,,http://www.feyzangold.com,570676.0,102.0,Local Government Registration Number,False,5094,Jewelry and precious stones,,,,2005.0,,Ali Riza Akalin,Partner,ALI RIZA,AKALIN,,,1,3,Modeled,1,3,Modeled,G,None or Not Available,3.0,Corporation,0,SingleLocation,10283758,TRY,248579,208202,3,Modeled
616385255,DOHANCOCUKOYUN ALANI VE EGLENCE MERKEZIGIDA TUR TEKSDERI BUJITERI SAN VE TIC LTD STI KIZIL,,"MARDIN YOLU UZERI MARDIN,  HAVAALANI MARDIN OUTLET PARKI AVM",KIZILTEPE,47400.0,Mardin,TR47261,,,Mardin,TR47,,,Turkey,TR,TUR,,,,,,,2426.0,102.0,Local Government Registration Number,False,7996,Amusement parks,,,,2012.0,,Dogan Burkev,Branch Manager,DOGAN,BURKEV,Male,,2,3,Modeled,2,3,Modeled,G,None or Not Available,3.0,Corporation,0,SingleLocation,6612361,TRY,159834,133872,3,Modeled
792535316,AYKOL TRANSLATION SERVICES,,ADNAN MENDERES CAD 32. SOK NO:4/2,MARMARIS,48700.0,Şirinyer,TR48931,,,Muğla,TR48,,,Turkey,TR,TUR,0252 417 6598,0252 417 6598,,,,,,,,,5999,"Miscellaneous retail stores, nec",,,,2001.0,,Suzan Ata,Manager,SUZAN,ATA,Female,,2,3,Modeled,2,3,Modeled,G,None or Not Available,,,0,SingleLocation,8150826,TRY,253238,212104,3,Modeled
706999337,EKOPAK CEVRE DANISMANLIK VE MUHENDISLIK INSAAT SANAYI VE TICARET LIMITED SIRKETI,,"AKDUMAN APARTMANI D:12,  NO:134 ALIPASA MAHALLESI CETIN EMEC BUL",CORLU,59850.0,Kızılpınar Namık Kemal,TR59059,,,Tekirdağ,TR59,,,Turkey,TR,TUR,,,,,,,24727.0,102.0,Local Government Registration Number,False,8748,"Business consulting, nec",,,M,2024.0,,Mustafa Sen,Manager,Mustafa,Sen,Male,,2,3,Modeled,2,3,Modeled,G,None or Not Available,3.0,Corporation,0,SingleLocation,5325914,TRY,128738,107827,3,Modeled
616384007,F-G FINAL GENOL TURIZM TASIMACILIK EMLAK INSAAT VE GIDA SANAYI TICARET LIMITED SIRKETI,,NO: 151/A AYDINLAR MAH. HURRIYET CAD.,CANKAYA,6460.0,Ankara,TR06986,,,Ankara,TR06,,,Turkey,TR,TUR,0312 480 6901,0312 480 6901,0312 480 3767,,info@genol.com.tr,http://www.genol.com.tr,316628.0,102.0,Local Government Registration Number,False,4725,Tour operators,,,,2012.0,,Zikri Gencan,Manager,ZIKRI,GENCAN,,,5,3,Modeled,5,3,Modeled,G,None or Not Available,3.0,Corporation,0,SingleLocation,42668377,TRY,1031380,863853,3,Modeled
476767094,ADIYAMAN GIDA SANAYI VE TICARET LIMITED SIRKETI,,TEVFIKBEY MAH.HALKALI CAD.,"NO.116/20, KUCUKCEKMECE",34303.0,Kartaltepe,TR34018,,,İstanbul,TR34,,,Turkey,TR,TUR,0212 425 8464,0212 425 8464,,,,,651147.0,102.0,Local Government Registration Number,False,2099,"Food preparations, nec",,,,2008.0,,Ahmet Akinci,Manager,AHMET,AKINCI,Male,,2,3,Modeled,2,3,Modeled,G,None or Not Available,3.0,Corporation,0,SingleLocation,9694637,TRY,311256,260698,3,Modeled
631081357,SURGEONS SAGLIK EGITIM INSAAT TURIZM GIDA VE BILISIM HIZMETLERI TICARET LIMITED SIRKETI,,NO:2 BAHCELIEVLER MAH. DUMLUPMAR 7. SOK.,,,Çorum,TR19283,,,Çorum,TR19,,,Turkey,TR,TUR,,,,,,,13380.0,102.0,Local Government Registration Number,False,8299,"Schools and educational services, nec",,,,2013.0,,Aziz Cengiz,Manager,AZIZ,CENGIZ,,,2,3,Modeled,2,3,Modeled,G,None or Not Available,3.0,Corporation,0,SingleLocation,4942661,TRY,119474,100067,3,Modeled
707041436,PAKIS ENERJI ELEKTROTEKNIK MUHENDISLIK LIMITED SIRKETI,,"NAZIM PAK AP. SITESI D:2,  NO:1 AKASYA MAHALLESI 3510. SOKAK",ANTAKYA,31030.0,Hatay,TR31962,,,Hatay,TR31,,,Turkey,TR,TUR,,,,,,,24163.0,102.0,Local Government Registration Number,False,4939,"Combination utilities, nec",,,M,2024.0,,Abdulkadir Pak,Manager,Abdulkadir,Pak,Male,,1,3,Modeled,1,3,Modeled,G,None or Not Available,3.0,Corporation,0,SingleLocation,9108679,TRY,220175,184412,3,Modeled
631040234,ADEM YAVUZ,,N.36 SANAYI SIT. 8. SOK.,MERKEZ,23100.0,Elazığ,TR23600,,,Elazığ,TR23,,,Turkey,TR,TUR,,,,,,,14042.0,102.0,Local Government Registration Number,False,5999,"Miscellaneous retail stores, nec",,,,2013.0,,Adem Yavuz,Manager,ADEM,YAVUZ,Male,,2,3,Modeled,2,3,Modeled,G,None or Not Available,3.0,Corporation,0,SingleLocation,10476502,TRY,253238,212104,3,Modeled
706934991,ATAMURAT DANISMANLIK TERCUME VE BILISIM TICARET LIMITED SIRKETI,,NO:53-55 YUNUS EMRE MAHALLESI,"378 SOKAK, ESENYURT",34510.0,Namık Kemal Kıraç,TR34038,,,İstanbul,TR34,,,Turkey,TR,TUR,,,,,,,239548.0,102.0,Local Government Registration Number,False,8748,"Business consulting, nec",,,,2020.0,,Atamurat Batyrov,Manager,Atamurat,Batyrov,,,2,3,Modeled,2,3,Modeled,G,None or Not Available,3.0,Corporation,0,SingleLocation,5325914,TRY,128738,107827,3,Modeled
476783992,AZMET MEDIKAL MUTFAK ESYALARI INSAAT HAYVANCILIK SANAYI TICARET PAZARLAMA LIMITED SIRKETI,,7312 SK.NO:32,KARSIYAKA,35510.0,Bayraklı,TR35981,,,İzmir,TR35,,,Turkey,TR,TUR,0532 662 0844,,,0532 662 0844,,,108071.0,102.0,Local Government Registration Number,False,5023,Homefurnishings,,,,,,Metin Acavit,Partner,METIN,ACAVIT,,,2,3,Modeled,2,3,Modeled,G,None or Not Available,3.0,Corporation,0,SingleLocation,13397650,TRY,323848,271245,3,Modeled
466313861,KALITEKS GIYIM SANAYI VE TICARET LTD STI,,3 EVREN MAHALLESI,"GULBAHAR CADDESI, GUROL SOKAK, GUNESLI, BAGCILAR",34212.0,Sancaktepe,TR34004,,,İstanbul,TR34,,,Turkey,TR,TUR,0212 655 5538,0212 655 5538,0212 515 8548,,,,499300.0,102.0,Local Government Registration Number,False,2326,Men's and boy's work clothing,,,,2004.0,,Bahri Cakir,Manager,Bahri,Cakir,Male,,48,0,Actual,48,0,Actual,H,Exports,3.0,Corporation,0,SingleLocation,17333899,TRY,418995,350937,3,Modeled
466800753,KS TEKNIK INSAAT MIMARLIK VE DANISMANLIK LIMITED SIRKETI,,NO.22 POYRAZ SOK.SADIKOGLU PLAZA 5 KAT 1,HASANPASA,,Caferağa,TR34015,,,İstanbul,TR34,,,Turkey,TR,TUR,0216 345 2220,0216 345 2220,,,,,550722.0,102.0,Local Government Registration Number,False,1521,Single-family housing construction,,,,2005.0,,Erhan Fehmi Kobal,Partner,ERHAN FEHMI,KOBAL,,,1,3,Modeled,1,3,Modeled,G,None or Not Available,3.0,Corporation,0,SingleLocation,3848689,TRY,123566,103495,3,Modeled
612218669,METAL YAPI TURIZM EMLAK INSAAT TAAHHUT BESICILIK SANAYI VE TICARET LIMITED SIRKETI,,CUMHURIYET MEV TURKUAZ VILLA. MAKARON1 KUME EV. NO1 SALIHLERALTI,DIKILI,35980.0,İzmir,TR35685,,,İzmir,TR35,,,Turkey,TR,TUR,0533 735 3358,,,0533 735 3358,,,981.0,102.0,Local Government Registration Number,False,4725,Tour operators,,,,,,Nihal Gulpercin,Manager,NIHAL,GULPERCIN,,,5,3,Modeled,5,3,Modeled,G,None or Not Available,3.0,Corporation,0,SingleLocation,42668377,TRY,1031380,863853,3,Modeled
706993802,PERFORMANCE GRUP LASTIK OTOMOTIV INSAAT ARAC KIRALAMA TICARET ANONIM SIRKETI,,NO:67CA BEYTEPE MAHALLESI,"KANUNI SULTAN SULEYMAN BULVARI, CANKAYA",6800.0,Ankara,TR06986,,,Ankara,TR06,,,Turkey,TR,TUR,0312 222 2211,0312 222 2211,,,,,513595.0,102.0,Local Government Registration Number,False,1522,"Residential construction, nec",,,M,2024.0,,Murat Oguz,Chairman,Murat,Oguz,Male,,208,0,Actual,208,0,Actual,F,Agent,3.0,Corporation,0,SingleLocation,22692786,TRY,654868,548498,0,Actual
677774982,S.D.T. PLASTIK ALUMINYUM SANAYI VE TICARET ANONIM SIRKETI (IFLAS),,FEVZICAKMAK CD.KORUYUCU ISH.K:2 NO:124,MERKEZ,,Bursa,TR16985,,,Bursa,TR16,,,Turkey,TR,TUR,0224 267 1974,0224 267 1974,0224 267 1973,,,,47956.0,102.0,Local Government Registration Number,False,5162,Plastics materials and basic shapes,,,,1999.0,,,,,,,,4,3,Modeled,4,3,Modeled,G,None or Not Available,3.0,Corporation,0,SingleLocation,25073444,TRY,805008,674250,3,Modeled
706924699,CAN BULUT HAVUZ INSAAT SANAYI VE TICARET LIMITED SIRKETI,,"B-B,  NO:28 TUZLA MAHALLESI","ADNAN MENDERES BULVARI, FETHIYE",48300.0,Bozyer,TR48926,,,Muğla,TR48,,,Turkey,TR,TUR,0532 490 2014,,,0532 490 2014,,https://buluthavuz.business.site/,12248.0,102.0,Local Government Registration Number,False,1522,"Residential construction, nec",,,,2020.0,,Mahmut Can Bulut,Manager,Mahmut Can,Bulut,,,3,3,Modeled,3,3,Modeled,G,None or Not Available,3.0,Corporation,0,SingleLocation,10011625,TRY,242001,202692,3,Modeled
677804007,A.K.S. MIMARLIK NAKLIYAT INSAAT MUHENDISLIK TEMIZLIK YEMEK VE TASARIM HIZMETLERI  TICARET,,KAHRAMAN MARAS CADDESI KARINCA ISHANI KAT:4 NO:27,MERKEZ,61100.0,Trabzon,TR61261,,,Trabzon,TR61,,,Turkey,TR,TUR,0462 223 1182,0462 223 1182,,,,,10622.0,102.0,Local Government Registration Number,False,8712,Architectural services,,,,,,Kadir Naipoglu,Manager,Kadir,Naipoglu,Male,,3,3,Modeled,3,3,Modeled,G,None or Not Available,3.0,Corporation,0,SingleLocation,12604542,TRY,304677,255188,3,Modeled
631078298,DALEEL GAYRIMENKUL YATIRIM VE GELISTIRME DIS TICARET ANONIM SIRKETI,,"MEHMET CIBIKCI IS HANI N.2 K.2,  D.10 SIRINEVLER MAH. M.AKIF CAD",BAHCELIEVLER,34188.0,İstanbul,TR34012,,,İstanbul,TR34,,,Turkey,TR,TUR,,,,,,,874724.0,102.0,Local Government Registration Number,False,6531,Real estate agents and managers,,,,2013.0,,Ferhat Ozgur,Director,FERHAT,OZGUR,Male,,1,3,Modeled,1,3,Modeled,G,None or Not Available,3.0,Corporation,0,SingleLocation,3446591,TRY,83311,69778,3,Modeled
644246766,T.C. MILLI EGITIM BAKANLIGI KARAMAN-ERMENEK ILCE MILLI EGITIM MUDURLUGU,,NO:10 DEGIRMENLIK MAHALLESI,"ATATURK CADDESI, ERMENEK",70400.0,Görmeli,TR70942,,,Karaman,TR70,,,Turkey,TR,TUR,0338 716 1843,0338 716 1843,,,,http://ermenek.meb.gov.tr/,,,,,9411,Administration of educational programs,,,,,,,,,,,,5,3,Modeled,5,3,Modeled,G,None or Not Available,3.0,Corporation,0,SingleLocation,14780945,TRY,357285,299251,3,Modeled
467764154,P A L CELIKLER SIGORTA ARACILIK HIZMETLERI LIMITED SIRKETI,,NO.15/3 RECEPPASA CAD.,TAKSIM,34437.0,Taksim,TR34009,,,İstanbul,TR34,,,Turkey,TR,TUR,0212 237 6425,0212 237 6425,0212 283 5585,,,,402208.0,102.0,Local Government Registration Number,False,3429,"Hardware, nec",,,,1998.0,,Cetiner Celik,Partner,CETINER,CELIK,,,4,3,Modeled,4,3,Modeled,G,None or Not Available,3.0,Corporation,0,SingleLocation,14702962,TRY,355400,297672,3,Modeled
467396610,S.S.UYUM KONUT YAPI KOOPERATIFI,,MADEN MAH.NALBANT CESME SOK.,SARIYER,34450.0,Bahçeköy Kemer,TR34021,,,İstanbul,TR34,,,Turkey,TR,TUR,0212 272 3051,0212 272 3051,,,,,213070.0,102.0,Local Government Registration Number,False,8611,Business associations,,,,1985.0,,Osman Caglar,Chairman,OSMAN,CAGLAR,Male,,1,3,Modeled,1,3,Modeled,G,None or Not Available,100.0,Cooperative,0,SingleLocation,4024076,TRY,129197,108211,3,Modeled
644284841,LONCA STORE TEKSTIL HEDIYELIK ESYA SANAYI VE TICARET LIMITED SIRKETI,,"KAPALI CARSI BLOK,  NO:58-60 BEYAZIT MAHALLESI","HALICILAR CARSISI SOKAK, FATIH",,İstanbul,TR34012,,,İstanbul,TR34,,,Turkey,TR,TUR,0212 528 1613,0212 528 1613,,,e0@sentry.wixpress.com,http://www.loncastore.com/,285696.0,102.0,Local Government Registration Number,False,5714,Drapery and upholstery stores,,,,2021.0,,Ufuk Yaylali,Manager,Ufuk,Yaylali,Male,,4,0,Actual,4,0,Actual,H,Exports,3.0,Corporation,0,SingleLocation,9640576,TRY,233032,195180,3,Modeled
467228191,FORSA DENIZCILIK TURIZMLIMITED SIRKETI,,NO.19/4 A MIM KEMAL OKE CAD.,NISANTASI,,İstanbul,TR34012,,,İstanbul,TR34,,,Turkey,TR,TUR,0212 219 2858,0212 219 2858,0212 219 2860,,,,423735.0,102.0,Local Government Registration Number,False,4489,Water passenger transportation,,,,1999.0,,Izzet Tukin,Partner,IZZET,TUKIN,,,1,3,Modeled,1,3,Modeled,G,None or Not Available,3.0,Corporation,0,SingleLocation,3551299,TRY,114018,95498,3,Modeled
613814607,EZGI HARITA MUHENDISLIK SAN VE TIC LTD STI,,NECATIBEY C N:51-1/10,CANKAYA,6400.0,Ankara,TR06986,,,Ankara,TR06,,,Turkey,TR,TUR,,,,,,,105015.0,102.0,Local Government Registration Number,False,8711,Engineering services,,,M,,,Mehmet Hanefi Atav,Partner,MEHMET HANEFI,ATAV,,,2,3,Modeled,2,3,Modeled,G,None or Not Available,100.0,Cooperative,0,SingleLocation,8403028,TRY,203118,170125,3,Modeled
862296894,HB02 OTOMOTIV BILISIM DAYANIKLI TUKETIM MALLARI SANAYI VE TICARET LIMITED SIRKETI,,"OZGUR APARTMAN,  NO:6B ALITASI MAHALLESI HALEP CADDESI",MERKEZ,2030.0,Adıyaman,TR02790,,,Adıyaman,TR02,,,Turkey,TR,TUR,,,,,,,9699.0,102.0,Local Government Registration Number,False,5012,Automobiles and other motor vehicles,,,M,2025.0,,Burak Inceyol,Manager,Burak,Inceyol,Male,,2,3,Modeled,2,3,Modeled,G,None or Not Available,3.0,Corporation,0,SingleLocation,20959735,TRY,651198,545424,3,Modeled
476750953,BAR OTOMOTIV TICARET LIMITED SIRKETI,Bar Otomotiv Tic. Ltd. Sti.,NO:24 KARADENIZLILER MAHALLESI,"HACI IDRIS SOKAK, BASISKELE",41140.0,Başiskele,TR41355,,,Kocaeli,TR41,,,Turkey,TR,TUR,0850 549 7007,0850 549 7007,0212 286 1724,,info@barotolastik.com,http://baroto.com.tr/,30431.0,102.0,Local Government Registration Number,False,5013,Motor vehicle supplies and new parts,,,M,2020.0,,Baris Aybar,Manager,Baris,Aybar,Male,,33,0,Actual,33,0,Actual,A,Import/Export/Agent,3.0,Corporation,0,SingleLocation,54357190,TRY,1313922,1100502,3,Modeled
862272121,IMSAS ISTANBUL MELAMIN PLASTIK SANAYI VE TICARET LIMITED SIRKETI,,"BILGE IS MERKEZI D:130,  NO:49 TOPCULAR MAHALLESI TALIMHANE CADD",EYUP,34055.0,İslambey,TR34011,,,İstanbul,TR34,,,Turkey,TR,TUR,0212 519 8486,0212 519 8486,,,,,1072685.0,102.0,Local Government Registration Number,False,3011,Tires and inner tubes,,,M,2025.0,,Selim Atlas,Manager,Selim,Atlas,Male,,3,3,Modeled,3,3,Modeled,G,None or Not Available,3.0,Corporation,0,SingleLocation,23237589,TRY,561699,470462,3,Modeled
630869905,ALFACR PROJE INSAAT TICARET LIMITED SIRKETI,,"K.3 D.5,  N:12 AZIZ MAHMUD HUDAI MAHALLESI","HASBAHCE SOKAK, USKUDAR",34660.0,Salacak,TR34025,,,İstanbul,TR34,,,Turkey,TR,TUR,,,,,,,937182.0,102.0,Local Government Registration Number,False,1522,"Residential construction, nec",,,,,,Anas Al Batarni,Manager,Anas Al,Batarni,,,3,3,Modeled,3,3,Modeled,G,None or Not Available,3.0,Corporation,0,SingleLocation,10011625,TRY,242001,202692,3,Modeled
467007894,ZEYNEL MUHALLEBICISI GIDA VE TURIZM ISLETMECILIGI TICARET LIMITED SIRKETI,,"YILMAZLAR APARTMANI,  NO:7/A TATLISU MAHALLESI","SEYHAN SOKAK, UMRANIYE",,Atatürk,TR34024,,,İstanbul,TR34,,,Turkey,TR,TUR,0216 456 5290,0216 456 5290,0216 456 5291,,bilgi@zeynel.com.tr,http://www.zeynel.com.tr/,492022.0,102.0,Local Government Registration Number,False,2051,"Bread, cake, and related products",,,M,2010.0,5.0,Gurdal Bolukbasi,Manager,Gurdal,Bolukbasi,,,0,2,Estimated,50,3,Modeled,G,None or Not Available,3.0,Corporation,1,HQ,175093083,TRY,4232350,3544890,3,Modeled
706851882,LITAS RISK YONETIMI VE DANISMANLIK ANONIM SIRKETI,,NO:198B SIRINEVLER MAHALLESI,"ADNAN KAHVECI BULVARI, BAHCELIEVLER",34188.0,Bahçelievler,TR34005,,,İstanbul,TR34,,,Turkey,TR,TUR,,,,,,,208597.0,102.0,Local Government Registration Number,False,8742,Management consulting services,,,,2019.0,,Ahmet Yuntar,Chairman,Ahmet,Yuntar,Male,,1,3,Modeled,1,3,Modeled,G,None or Not Available,3.0,Corporation,0,SingleLocation,3457389,TRY,83572,69997,3,Modeled
707006885,BALCI ENDUSTRIYEL METAL SANAYI TICARET LIMITED SIRKETI,,NO:17 SEKERPINAR MAHALLESI,"AYCICEK SOKAK, CAYIROVA",41420.0,Çayırova,TR41851,,,Kocaeli,TR41,,,Turkey,TR,TUR,,,,,,,43273.0,102.0,Local Government Registration Number,False,7389,"Business services, nec",,,M,2024.0,,Emel Balci,Manager,Emel,Balci,Female,,2,3,Modeled,2,3,Modeled,G,None or Not Available,3.0,Corporation,0,SingleLocation,7095731,TRY,171518,143658,3,Modeled
676870523,EPTA ISTANBUL SOGUTMA SISTEMLERI SANAYI VE TICARET LIMITED SIRKETI,EPTA,NO:13 KARAMEHMET MAHALLESI,"AVRUPA SERBEST BOLGESI 13.SOKAK, ERGENE",59930.0,Tekirdağ,TR59263,,,Tekirdağ,TR59,,,Turkey,TR,TUR,0282 691 1190,0282 691 1190,0282 691 1189,,,,9916.0,102.0,Local Government Registration Number,False,3585,Refrigeration and heating equipment,,,M,2013.0,39.0,Marco Nocivelli,Manager,Marco,Nocivelli,,,146,0,Actual,146,0,Actual,B,Imports & Exports,3.0,Corporation,0,SingleLocation,1039884591,TRY,36059038,30201980,0,Actual
467881676,UCARLAR DAYANIKLI TUKETIM MALLARI VE MOBILYA TICARET LIMITED SIRKETI,,NO.65 BAHCELIEVLER MAH.KALDIRIM CAD.,USKUDAR,,Salacak,TR34025,,,İstanbul,TR34,,,Turkey,TR,TUR,,,,,,,24255.0,102.0,Local Government Registration Number,False,2511,Wood household furniture,,,,1996.0,,,,,,,,3,3,Modeled,3,3,Modeled,G,None or Not Available,3.0,Corporation,0,SingleLocation,10988499,TRY,265614,222470,3,Modeled
465745569,EVKA TRIKO SANAYI VE TICARET LIMITED SIRKETI,,DUMLUPINAR CAD.ULUBATLI HASAN SOK.,BAYRAMPASA,,Yenidoğan,TR34006,,,İstanbul,TR34,,,Turkey,TR,TUR,0212 612 6131,0212 612 6131,0212 565 2888,,,,319367.0,102.0,Local Government Registration Number,False,2258,Lace and warp knit fabric mills,,,,1994.0,,Omer Gumustas,Partner,OMER,GUMUSTAS,Male,,4,3,Modeled,4,3,Modeled,G,None or Not Available,3.0,Corporation,0,SingleLocation,13098362,TRY,420536,352228,3,Modeled
465694008,AZA MUZIK YAPIM TURIZM TEKSTIL INSAAT SANAYI VE TICARET LIMITED SIRKETI,,NO.16/51 SADRI ALISIK SOK.,BEYOGLU,34420.0,Taksim,TR34009,,,İstanbul,TR34,,,Turkey,TR,TUR,0212 249 3350,0212 249 3350,0212 245 4033,,,,408122.0,102.0,Local Government Registration Number,False,7011,Hotels and motels,,,,1998.0,,Ayson Agdogan,Manager,AYSON,AGDOGAN,,,3,3,Modeled,3,3,Modeled,G,None or Not Available,3.0,Corporation,0,SingleLocation,8768828,TRY,281532,235802,3,Modeled
559979923,VIZZARRA INSAAT TURIZM TARIM HAYVANCILIK ORMAN URUNLERI SANAYI VE TICARET LIMITED SIRKETI,,"3 AS IS MERKEZI D:5,  NO:16 PLEVNE MAHALLESI","12160 SOKAK, ALTIEYLUL",10050.0,Hacıyusuf,TR10348,,,Balıkesir,TR10,,,Turkey,TR,TUR,,,,,,,19973.0,102.0,Local Government Registration Number,False,211,Beef cattle feedlot,,,M,2023.0,,Kenan Berber,Manager,Kenan,Berber,Male,,10,0,Actual,10,0,Actual,G,None or Not Available,3.0,Corporation,0,SingleLocation,2183541,TRY,63013,52777,0,Actual
615013514,DEMIR INSAAT HAFRIYAT NAKLIYAT TURIZM SANAYI VE TICARET LIMITED SIRKETI,,MERKEZ MAHALLESI NO:48/C,DOGANKENT,28510.0,Giresun,TR28243,,,Giresun,TR28,,,Turkey,TR,TUR,0454 471 5711,0454 471 5711,,,,,881.0,102.0,Local Government Registration Number,False,4213,"Trucking, except local",,,,,,,,,,,,2,3,Modeled,2,3,Modeled,G,None or Not Available,3.0,Corporation,0,SingleLocation,10863561,TRY,262594,219940,3,Modeled
631052436,SIA TEKNOLOJI YAZILIM AR-GE DANISMANLIK VE GUVENLIK SISTEMLERI LTD.STI.,,"NO:63 FIRAT TEKNOKENT AR-GE 2,  BINASI CAYDA CIRA MAH.HACI OMER",MERKEZ,23100.0,Elazığ,TR23600,,,Elazığ,TR23,,,Turkey,TR,TUR,,,,,,,14084.0,102.0,Local Government Registration Number,False,7371,Custom computer programming services,,,,2013.0,,Safa Merve Tasci,Manager,SAFA MERVE,TASCI,,,1,3,Modeled,1,3,Modeled,G,None or Not Available,3.0,Corporation,0,SingleLocation,5233369,TRY,126501,105953,3,Modeled
